title,type,date,time,end_time,url
Poster Session 1,poster,THU 24 APR,10 a.m.,,https://iclr.cc/virtual/2025/session/31971
Oral Session 1A,oral,THU 24 APR,10:30 a.m.,,https://iclr.cc/virtual/2025/session/31935
Oral Session 1B,oral,THU 24 APR,10:30 a.m.,,https://iclr.cc/virtual/2025/session/31936
Oral Session 1C,oral,THU 24 APR,10:30 a.m.,,https://iclr.cc/virtual/2025/session/31937
Oral Session 1D,oral,THU 24 APR,10:30 a.m.,,https://iclr.cc/virtual/2025/session/31938
Oral Session 1E,oral,THU 24 APR,10:30 a.m.,,https://iclr.cc/virtual/2025/session/31939
Oral Session 1F,oral,THU 24 APR,10:30 a.m.,,https://iclr.cc/virtual/2025/session/31940
Poster Session 2,poster,THU 24 APR,3 p.m.,,https://iclr.cc/virtual/2025/session/31972
Oral Session 2A,oral,THU 24 APR,3:30 p.m.,,https://iclr.cc/virtual/2025/session/31941
Oral Session 2B,oral,THU 24 APR,3:30 p.m.,,https://iclr.cc/virtual/2025/session/31942
Oral Session 2C,oral,THU 24 APR,3:30 p.m.,,https://iclr.cc/virtual/2025/session/31943
Oral Session 2D,oral,THU 24 APR,3:30 p.m.,,https://iclr.cc/virtual/2025/session/31944
Oral Session 2E,oral,THU 24 APR,3:30 p.m.,,https://iclr.cc/virtual/2025/session/31945
Oral Session 2F,oral,THU 24 APR,3:30 p.m.,,https://iclr.cc/virtual/2025/session/31946
Poster Session 3,poster,FRI 25 APR,10 a.m.,,https://iclr.cc/virtual/2025/session/31973
Oral Session 3A,oral,FRI 25 APR,10:30 a.m.,,https://iclr.cc/virtual/2025/session/31947
Oral Session 3B,oral,FRI 25 APR,10:30 a.m.,,https://iclr.cc/virtual/2025/session/31948
Oral Session 3C,oral,FRI 25 APR,10:30 a.m.,,https://iclr.cc/virtual/2025/session/31949
Oral Session 3D,oral,FRI 25 APR,10:30 a.m.,,https://iclr.cc/virtual/2025/session/31950
Oral Session 3E,oral,FRI 25 APR,10:30 a.m.,,https://iclr.cc/virtual/2025/session/31951
Oral Session 3F,oral,FRI 25 APR,10:30 a.m.,,https://iclr.cc/virtual/2025/session/31952
Poster Session 4,poster,FRI 25 APR,3 p.m.,,https://iclr.cc/virtual/2025/session/31974
Oral Session 4A,oral,FRI 25 APR,3:30 p.m.,,https://iclr.cc/virtual/2025/session/31953
Oral Session 4B,oral,FRI 25 APR,3:30 p.m.,,https://iclr.cc/virtual/2025/session/31954
Oral Session 4C,oral,FRI 25 APR,3:30 p.m.,,https://iclr.cc/virtual/2025/session/31955
Oral Session 4D,oral,FRI 25 APR,3:30 p.m.,,https://iclr.cc/virtual/2025/session/31956
Oral Session 4E,oral,FRI 25 APR,3:30 p.m.,,https://iclr.cc/virtual/2025/session/31957
Oral Session 4F,oral,FRI 25 APR,3:30 p.m.,,https://iclr.cc/virtual/2025/session/31958
Poster Session 5,poster,SAT 26 APR,10 a.m.,,https://iclr.cc/virtual/2025/session/31975
Oral Session 5A,oral,SAT 26 APR,10:30 a.m.,,https://iclr.cc/virtual/2025/session/31959
Oral Session 5B,oral,SAT 26 APR,10:30 a.m.,,https://iclr.cc/virtual/2025/session/31960
Oral Session 5C,oral,SAT 26 APR,10:30 a.m.,,https://iclr.cc/virtual/2025/session/31961
Oral Session 5D,oral,SAT 26 APR,10:30 a.m.,,https://iclr.cc/virtual/2025/session/31962
Oral Session 5E,oral,SAT 26 APR,10:30 a.m.,,https://iclr.cc/virtual/2025/session/31963
Oral Session 5F,oral,SAT 26 APR,10:30 a.m.,,https://iclr.cc/virtual/2025/session/31964
Poster Session 6,poster,SAT 26 APR,3 p.m.,,https://iclr.cc/virtual/2025/session/31976
Oral Session 6A,oral,SAT 26 APR,3:30 p.m.,,https://iclr.cc/virtual/2025/session/31965
Oral Session 6B,oral,SAT 26 APR,3:30 p.m.,,https://iclr.cc/virtual/2025/session/31966
Oral Session 6C,oral,SAT 26 APR,3:30 p.m.,,https://iclr.cc/virtual/2025/session/31967
Oral Session 6D,oral,SAT 26 APR,3:30 p.m.,,https://iclr.cc/virtual/2025/session/31968
Oral Session 6E,oral,SAT 26 APR,3:30 p.m.,,https://iclr.cc/virtual/2025/session/31969
Oral Session 6F,oral,SAT 26 APR,3:30 p.m.,,https://iclr.cc/virtual/2025/session/31970
